SET NAMES utf8;
#
# MCOL-4721 CHAR(1) is not collation-aware for GROUP/DISTINCT
#
CREATE TABLE t1 (c1 CHAR(1) CHARACTER SET latin1 COLLATE latin1_swedish_ci);
INSERT INTO t1 VALUES ('a'),('A');
SELECT c1, COUNT(*) FROM t1 GROUP BY c1;
c1	COUNT(*)
a	2
SELECT DISTINCT c1 FROM t1;
c1
a
INSERT INTO t1 VALUES ('ä'),('Ä'),('ã'),('Ã');
SELECT c1, COUNT(*) FROM t1 GROUP BY c1 ORDER BY c1;
c1	COUNT(*)
a	4
ä	2
SELECT DISTINCT c1 FROM t1 ORDER BY c1;
c1
a
ä
DROP TABLE t1;
